"","date","net_kWh","produced_kWh","consumed_kWh"
"1",2022-04-15,16.95,6.867,23.817
"2",2022-04-16,-35.24,48.181,12.941
"3",2022-04-17,-49.91,77.458,27.548
"4",2022-04-18,7.35,35.15,42.5
"5",2022-04-19,-16.85,59.847,42.997
"6",2022-04-20,-63.69,95.569,31.879
"7",2022-04-21,-17.7,41.917,24.217
"8",2022-04-22,-62.9099999999999,87.194,24.284
"9",2022-04-23,-32.25,48.169,15.919
"10",2022-04-24,-66.81,86.432,19.622
"11",2022-04-25,-23.79,46.028,22.238
"12",2022-04-26,-8.99,27.972,18.982
"13",2022-04-27,-21.72,47.854,26.134
"14",2022-04-28,-61.82,98.081,36.261
"15",2022-04-29,-76.1,101.519,25.419
"16",2022-04-30,-69.58,95.533,25.953
"17",2022-05-01,-49.17,67.773,18.603
"18",2022-05-02,-25.24,43.829,18.589
"19",2022-05-03,-58.17,74.161,15.991
"20",2022-05-04,-16.77,28.101,11.331
"21",2022-05-05,-70.29,88.22,17.93
"22",2022-05-06,6.66,11.76,18.42
"23",2022-05-07,33.67,12.843,46.513
"24",2022-05-08,-56.63,84.67,28.04
"25",2022-05-09,-83.39,101.569,18.179
"26",2022-05-10,-79.7,100.926,21.226
"27",2022-05-11,-72.63,89.07,16.44
"28",2022-05-12,-56.37,77.671,21.301
"29",2022-05-13,-6.34,34.265,27.925
"30",2022-05-14,-2.3,29.336,27.036
"31",2022-05-15,-40.32,67.655,27.335
"32",2022-05-16,-21.49,47.433,25.943
"33",2022-05-17,-61.53,85.922,24.392
"34",2022-05-18,-63.74,88.068,24.328
"35",2022-05-19,-26.77,50.379,23.609
"36",2022-05-20,-16.72,40.518,23.798
"37",2022-05-21,-27.79,85.28,57.49
"38",2022-05-22,-24.33,72.352,48.022
"39",2022-05-23,-54.91,83.239,28.329
"40",2022-05-24,-38.14,53.451,15.311
"41",2022-05-25,-79.68,95.401,15.721
"42",2022-05-26,-24.97,39.175,14.205
"43",2022-05-27,-2.27,23.752,21.482
"44",2022-05-28,-26.53,40.956,14.426
"45",2022-05-29,-73.0899999999999,92.823,19.733
"46",2022-05-30,-57.4,94.394,36.994
"47",2022-05-31,-33.47,89.468,55.998
"48",2022-06-01,-22.32,71.34,49.02
"49",2022-06-02,-14.79,45.29,30.5
"50",2022-06-03,-50.21,90.524,40.314
"51",2022-06-04,-62.05,101.163,39.113
"52",2022-06-05,-52.22,100.365,48.145
"53",2022-06-06,-62.4,96.792,34.392
"54",2022-06-07,-4.94,45.551,40.611
"55",2022-06-08,-52.82,99.14,46.32
"56",2022-06-09,-34.65,79.927,45.277
"57",2022-06-10,-42.57,84.032,41.462
"58",2022-06-11,-27.1,56.343,29.243
"59",2022-06-12,4.38,28.96,33.34
"60",2022-06-13,-30.29,83.468,53.178
"61",2022-06-14,-37.72,84.421,46.701
"62",2022-06-15,-43.42,94.325,50.905
"63",2022-06-16,7.9,29.159,37.059
"64",2022-06-17,-33.19,80.56,47.37
"65",2022-06-18,-30.19,66.74,36.55
"66",2022-06-19,-74.99,106.615,31.625
"67",2022-06-20,-60.95,100.1,39.15
"68",2022-06-21,-31.03,65.065,34.035
"69",2022-06-22,-10.76,39.265,28.505
"70",2022-06-23,10.36,22.958,33.318
"71",2022-06-24,-60.16,94.379,34.219
"72",2022-06-25,-32.71,88.348,55.638
"73",2022-06-26,-32.54,87.808,55.268
"74",2022-06-27,-9.29,49.292,40.002
"75",2022-06-28,-60.15,98.969,38.819
"76",2022-06-29,-64.71,96.053,31.343
"77",2022-06-30,-61.48,92.796,31.316
"78",2022-07-01,-33.54,79.71,46.17
"79",2022-07-02,-30.81,68.482,37.672
"80",2022-07-03,-50.56,90.589,40.029
"81",2022-07-04,-45.32,94.165,48.845
"82",2022-07-05,-10.51,45.385,34.875
"83",2022-07-06,-28.61,72.006,43.396
"84",2022-07-07,-25.87,58.306,32.436
"85",2022-07-08,-12.25,57.418,45.168
"86",2022-07-09,-53.13,84.209,31.079
"87",2022-07-10,-66.02,98.023,32.003
"88",2022-07-11,-54.21,92.407,38.197
"89",2022-07-12,-34.13,66.928,32.798
"90",2022-07-13,-40.63,80.596,39.966
"91",2022-07-14,-34.43,78.326,43.896
"92",2022-07-15,-52.59,84.22,31.63
"93",2022-07-16,-12.11,45.223,33.113
"94",2022-07-17,-31.77,63.307,31.537
"95",2022-07-18,-12.67,50.12,37.45
"96",2022-07-19,-44.55,89.85,45.3
"97",2022-07-20,-41.25,89.745,48.495
"98",2022-07-21,-24.48,82.699,58.219
"99",2022-07-22,-32.31,78.157,45.847
"100",2022-07-23,-27.18,88.419,61.239
"101",2022-07-24,-33.36,86.369,53.009
"102",2022-07-25,12.88,46.91,59.79
"103",2022-07-26,-17.09,63.354,46.264
"104",2022-07-27,-16.58,58.1,41.52
"105",2022-07-28,-5.34999999999999,60.237,54.887
"106",2022-07-29,15.11,31.419,46.529
"107",2022-07-30,-48.89,90.59,41.7
"108",2022-07-31,-25.41,61.848,36.438
"109",2022-08-01,-12.37,45.53,33.16
"110",2022-08-02,-32.41,82.762,50.352
"111",2022-08-03,-27.33,91.267,63.937
"112",2022-08-04,-23.12,80.105,56.985
"113",2022-08-05,-3.94000000000001,55.431,51.491
"114",2022-08-06,-6.86,62.187,55.327
"115",2022-08-07,-17.73,75.995,58.265
"116",2022-08-08,-18.96,76.674,57.714
"117",2022-08-09,11.13,59.425,70.555
"118",2022-08-10,-17.4,66.568,49.168
"119",2022-08-11,-37.79,84.285,46.495
"120",2022-08-12,-47.6,89.643,42.043
"121",2022-08-13,-52.92,91.657,38.737
"122",2022-08-14,-39.57,82.017,42.447
"123",2022-08-15,-20.55,71.199,50.649
"124",2022-08-16,-26.41,79.645,53.235
"125",2022-08-17,-28.45,69.413,40.963
"126",2022-08-18,-37.23,79.544,42.314
"127",2022-08-19,-6.6,62.654,56.054
"128",2022-08-20,-17.48,68.595,51.115
"129",2022-08-21,-10.02,57.044,47.024
"130",2022-08-22,19.67,22.024,41.694
"131",2022-08-23,-15.93,61.703,45.773
"132",2022-08-24,-25.21,78.6,53.39
"133",2022-08-25,-20.05,75.519,55.469
"134",2022-08-26,-21.24,69.505,48.265
"135",2022-08-27,-17.87,68.161,50.291
"136",2022-08-28,-4.37,58.343,53.973
"137",2022-08-29,-3.1,59.67,56.57
"138",2022-08-30,2.81,47.007,49.817
"139",2022-08-31,-37.18,79.578,42.398
"140",2022-09-01,-33.6,82.491,48.891
"141",2022-09-02,-44.66,79.867,35.207
"142",2022-09-03,-24.05,64.637,40.587
"143",2022-09-04,-16.75,62.334,45.584
"144",2022-09-05,7.22000000000001,31.066,38.286
"145",2022-09-06,25.99,13.349,39.339
"146",2022-09-07,13.97,16.582,30.552
"147",2022-09-08,-21.69,68.574,46.884
"148",2022-09-09,-34.18,73.843,39.663
"149",2022-09-10,-25.02,64.3,39.28
"150",2022-09-11,23.65,9.587,33.237
"151",2022-09-12,-14.1,32.393,18.293
"152",2022-09-13,-30.36,64.054,33.694
"153",2022-09-14,-39.58,68.47,28.89
"154",2022-09-15,-54.8,76.431,21.631
"155",2022-09-16,-31.93,66.74,34.81
"156",2022-09-17,-29.25,65.907,36.657
"157",2022-09-18,-21.33,64.977,43.647
"158",2022-09-19,0.870000000000001,43.32,44.19
"159",2022-09-20,-27.27,63.416,36.146
"160",2022-09-21,-24.49,62.676,38.186
"161",2022-09-22,1.25000000000001,29.396,30.646
"162",2022-09-23,-45.65,74.852,29.202
"163",2022-09-24,-35.1,62.171,27.071
"164",2022-09-25,2.3,27.402,29.702
"165",2022-09-26,-26.26,56.834,30.574
"166",2022-09-27,-18.5,50.305,31.805
"167",2022-09-28,-23.39,53.368,29.978
"168",2022-09-29,-30.2,64.095,33.895
"169",2022-09-30,-11.8,39.213,27.413
"170",2022-10-01,14.63,19.027,33.657
"171",2022-10-02,17.95,9.691,27.641
"172",2022-10-03,26.54,10.167,36.707
"173",2022-10-04,43.57,6.613,50.183
"174",2022-10-05,11.81,20.647,32.457
"175",2022-10-06,-26.23,58.981,32.751
"176",2022-10-07,-25.8,51.29,25.49
"177",2022-10-08,-30.47,58.636,28.166
"178",2022-10-09,-24.03,63.096,39.066
"179",2022-10-10,-24.83,55.378,30.548
"180",2022-10-11,-27.71,57.663,29.953
"181",2022-10-12,-14.84,47.794,32.954
"182",2022-10-13,25.21,7.522,32.732
"183",2022-10-14,-25.27,54.177,28.907
"184",2022-10-15,-21.29,56.543,35.253
"185",2022-10-16,-14.07,41.416,27.346
"186",2022-10-17,12.6,20.449,33.049
"187",2022-10-18,-19.1,53.303,34.203
"188",2022-10-19,10.11,29.413,39.523
"189",2022-10-20,-8.43,57.27,48.84
"190",2022-10-21,-19.72,54.713,34.993
"191",2022-10-22,-18.08,53.568,35.488
"192",2022-10-23,16.13,17.967,34.097
"193",2022-10-24,20.83,13.084,33.914
"194",2022-10-25,12.33,25.666,37.996
"195",2022-10-26,13.38,15.649,29.029
"196",2022-10-27,-22.19,51.306,29.116
"197",2022-10-28,-10.41,44.665,34.255
"198",2022-10-29,-19.8,52.066,32.266
"199",2022-10-30,-12.2,48.826,36.626
"200",2022-10-31,11.85,19.933,31.783
"201",2022-11-01,8.13,23.897,32.027
"202",2022-11-02,-14.22,44.633,30.413
"203",2022-11-03,-16.3,47.025,30.725
"204",2022-11-04,-14.93,43.908,28.978
"205",2022-11-05,4.17,27.442,31.612
"206",2022-11-06,24.49,6.343,30.833
"207",2022-11-07,-12.3,43.974,31.674
"208",2022-11-08,-19.05,46.817,27.767
"209",2022-11-09,-9.69,45.604,35.914
"210",2022-11-10,-2.27,41.864,39.594
"211",2022-11-11,24.4,4.048,28.448
"212",2022-11-12,25.49,18.478,43.968
"213",2022-11-13,1.55000000000001,28.872,30.422
"214",2022-11-14,-2.17000000000001,45.589,43.419
"215",2022-11-15,49.32,18.572,67.892
"216",2022-11-16,32.08,25.311,57.391
"217",2022-11-17,31.65,21.423,53.073
"218",2022-11-18,22.2,33.338,55.538
"219",2022-11-19,24.65,38.776,63.426
"220",2022-11-20,18.55,44.239,62.789
"221",2022-11-21,22.95,42.397,65.347
"222",2022-11-22,10.81,39.391,50.201
"223",2022-11-23,-3.19,38.881,35.691
"224",2022-11-24,12.65,34.534,47.184
"225",2022-11-25,26.3,19.632,45.932
"226",2022-11-26,13.17,38.988,52.158
"227",2022-11-27,38.59,4.352,42.942
"228",2022-11-28,25.02,16.995,42.015
"229",2022-11-29,38.28,22.698,60.978
"230",2022-11-30,66.67,1.694,68.364
"231",2022-12-01,16.9,35.665,52.565
"232",2022-12-02,26.8,36.37,63.17
"233",2022-12-03,40.77,3.244,44.014
"234",2022-12-04,15.05,32.991,48.041
"235",2022-12-05,49.44,34.115,83.555
"236",2022-12-06,55.69,3.152,58.842
"237",2022-12-07,38.43,6.451,44.881
"238",2022-12-08,26.62,13.973,40.593
"239",2022-12-09,19.85,36.281,56.131
"240",2022-12-10,28.52,34.215,62.735
"241",2022-12-11,62.19,3.497,65.687
"242",2022-12-12,54.58,13.826,68.406
"243",2022-12-13,32.61,37.033,69.643
"244",2022-12-14,35.33,28.84,64.17
"245",2022-12-15,86.82,0.896,87.716
"246",2022-12-16,65.9,12.025,77.925
"247",2022-12-17,42.46,19.455,61.915
"248",2022-12-18,34.33,26.248,60.578
"249",2022-12-19,57.02,13.217,70.237
"250",2022-12-20,34.9,34.514,69.414
"251",2022-12-21,44.83,32.472,77.302
"252",2022-12-22,72.06,3.027,75.087
"253",2022-12-23,75.36,11.607,86.967
"254",2022-12-24,118.76,28.566,147.326
"255",2022-12-25,105.28,29.352,134.632
"256",2022-12-26,78.86,29.893,108.753
"257",2022-12-27,61.81,16.695,78.505
"258",2022-12-28,32.32,33.357,65.6770000000001
"259",2022-12-29,28.37,33.76,62.13
"260",2022-12-30,18.04,18.194,36.234
"261",2022-12-31,30.25,3.77,34.02
"262",2023-01-01,16.67,27.162,43.832
"263",2023-01-02,32.01,10.023,42.033
"264",2023-01-03,42.98,3.322,46.302
"265",2023-01-04,22.03,18.941,40.971
"266",2023-01-05,15.22,23.86,39.08
"267",2023-01-06,40.2,12.098,52.298
"268",2023-01-07,51.22,14.343,65.563
"269",2023-01-08,25.75,27.771,53.521
"270",2023-01-09,20.41,36.366,56.776
"271",2023-01-10,50.32,11.176,61.496
"272",2023-01-11,56.56,22.848,79.408
"273",2023-01-12,49.74,4.647,54.387
"274",2023-01-13,35.55,9.474,45.024
"275",2023-01-14,62.96,15.408,78.368
"276",2023-01-15,45.46,41.111,86.571
"277",2023-01-16,27.46,42.036,69.496
"278",2023-01-17,53.16,9.398,62.558
"279",2023-01-18,29.54,19.833,49.373
"280",2023-01-19,57.17,1.809,58.979
"281",2023-01-20,54.85,10.954,65.804
"282",2023-01-21,49.71,11.198,60.908
"283",2023-01-22,45.22,16.504,61.724
"284",2023-01-23,58.79,5.327,64.117
"285",2023-01-24,53.88,23.891,77.771
"286",2023-01-25,70.27,2.988,73.258
"287",2023-01-26,44.03,16.111,60.141
"288",2023-01-27,44.67,25,69.67
"289",2023-01-28,27.48,38.067,65.547
"290",2023-01-29,46.62,10.454,57.074
"291",2023-01-30,18.9,28.724,47.624
"292",2023-01-31,51.84,12.424,64.264
"293",2023-02-01,17.63,47.977,65.607
"294",2023-02-02,42.56,42.825,85.385
"295",2023-02-03,98.66,30.489,129.149
"296",2023-02-04,77.52,43.174,120.694
"297",2023-02-05,79.59,33.358,112.948
"298",2023-02-06,44.9,11.509,56.409
"299",2023-02-07,33.56,35.369,68.929
"300",2023-02-08,32.93,46.322,79.252
"301",2023-02-09,59,13.378,72.378
"302",2023-02-10,-8.76000000000001,48.966,40.206
"303",2023-02-11,67.48,51.489,118.969
"304",2023-02-12,35.15,24.191,59.341
"305",2023-02-13,-2.13999999999999,42.953,40.813
"306",2023-02-14,17.08,53.646,70.726
"307",2023-02-15,-7.8,45.412,37.612
"308",2023-02-16,12.61,16.685,29.295
"309",2023-02-17,60.36,7.504,67.864
"310",2023-02-18,48.93,58.958,107.888
"311",2023-02-19,29.89,39.674,69.564
"312",2023-02-20,18.96,33.542,52.502
"313",2023-02-21,38.93,23.515,62.445
"314",2023-02-22,50.11,8.969,59.079
"315",2023-02-23,12.96,40.318,53.278
"316",2023-02-24,-2.01,52.744,50.734
"317",2023-02-25,83.37,23.679,107.049
"318",2023-02-26,72.19,43.175,115.365
"319",2023-02-27,35.8,43.901,79.701
"320",2023-02-28,65.89,15.74,81.63
"321",2023-03-01,19.04,49.571,68.611
"322",2023-03-02,57.68,33.108,90.788
"323",2023-03-03,21.39,28.266,49.656
"324",2023-03-04,18.38,24.402,42.782
"325",2023-03-05,-10.21,56.094,45.884
"326",2023-03-06,-21.65,58.435,36.785
"327",2023-03-07,42.18,49.075,91.255
"328",2023-03-08,2.89999999999999,70.159,73.059
"329",2023-03-09,-22.94,71.816,48.876
"330",2023-03-10,34.49,19.178,53.668
"331",2023-03-11,19.35,44.505,63.855
"332",2023-03-12,68.23,37.365,105.595
"333",2023-03-13,39.01,9.621,48.631
"334",2023-03-14,58.23,28.875,87.105
"335",2023-03-15,25.47,69.559,95.029
"336",2023-03-16,-6.64999999999999,64.902,58.252
"337",2023-03-17,-1.05,31.497,30.447
"338",2023-03-18,-30,67.62,37.62
"339",2023-03-19,37.72,67.214,104.934
"340",2023-03-20,-29.08,79.219,50.139
"341",2023-03-21,-25.51,74.338,48.828
"342",2023-03-22,-19.2,59.09,39.89
"343",2023-03-23,32.31,19.684,51.994
"344",2023-03-24,-10.25,33.794,23.544
"345",2023-03-25,32.49,5.003,37.493
"346",2023-03-26,-34.13,82.095,47.965
"347",2023-03-27,-9.16999999999999,42.294,33.124
"348",2023-03-28,-19.18,52.876,33.696
"349",2023-03-29,-43.35,77.101,33.751
"350",2023-03-30,-51.12,87.262,36.142
"351",2023-03-31,42.86,31.96,74.82
"352",2023-04-01,-26.77,47.738,20.968
"353",2023-04-02,-61.7,87.397,25.697
"354",2023-04-03,-32.42,72.932,40.512
"355",2023-04-04,-55.76,78.48,22.72
"356",2023-04-05,21.51,14.997,36.507
"357",2023-04-06,-8.39000000000001,40.158,31.768
"358",2023-04-07,27.32,39.483,66.803
"359",2023-04-08,-39.8,75.172,35.372
"360",2023-04-09,-61.93,88.238,26.308
"361",2023-04-10,-61.77,86.633,24.863
"362",2023-04-11,-51.2,75.568,24.368
"363",2023-04-12,-18.8,80.92,62.12
"364",2023-04-13,-63.42,81.85,18.43
"365",2023-04-14,-36.69,71.999,35.309
"366",2023-04-15,37.63,14.375,52.005
"367",2023-04-16,-23.66,39.431,15.771
"368",2023-04-17,-20.61,56.886,36.276
"369",2023-04-18,14.14,45.759,59.899
"370",2023-04-19,-61,87.485,26.485
"371",2023-04-20,-61.85,84.808,22.958
"372",2023-04-21,-62.02,84.146,22.126
"373",2023-04-22,-31.18,48.353,17.173
"374",2023-04-23,-27.43,62.312,34.882
"375",2023-04-24,-47.4,70.984,23.584
"376",2023-04-25,-60.96,89.081,28.121
"377",2023-04-26,-34.73,57.718,22.988
"378",2023-04-27,-41.55,57.592,16.042
"379",2023-04-28,0.530000000000002,16.616,17.146
"380",2023-04-29,35.24,19.808,55.048
"381",2023-04-30,34.01,9.419,43.429
"382",2023-05-01,-30.52,57.854,27.334
"383",2023-05-02,-23.33,53.795,30.465
"384",2023-05-03,4.74,48.055,52.795
"385",2023-05-04,-40.71,55.941,15.231
"386",2023-05-05,-19.78,66.023,46.243
"387",2023-05-06,-61,91.42,30.42
"388",2023-05-07,-57.53,72.164,14.634
"389",2023-05-08,-54.05,89.534,35.484
"390",2023-05-09,-31,80.768,49.768
"391",2023-05-10,-81.32,95.233,13.913
"392",2023-05-11,-30.31,87.506,57.196
"393",2023-05-12,-62.1,81.066,18.966
"394",2023-05-13,-18.38,37.175,18.795
"395",2023-05-14,-22.73,94.914,72.184
"396",2023-05-15,-81.08,94.211,13.131
"397",2023-05-16,-75.05,86.394,11.344
"398",2023-05-17,-58.06,100.09,42.03
"399",2023-05-18,-59.53,96.054,36.524
"400",2023-05-19,-52.32,62.243,9.923
"401",2023-05-20,-22.34,30.801,8.461
"402",2023-05-21,-73.19,81.496,8.306
"403",2023-05-22,-58.33,72.636,14.306
"404",2023-05-23,-63.55,82.996,19.446
"405",2023-05-24,-27.82,74.176,46.356
"406",2023-05-25,-75.51,101.038,25.528
"407",2023-05-26,-75.99,98.477,22.487
"408",2023-05-27,-50.26,95.329,45.069
"409",2023-05-28,-62.43,85.911,23.481
"410",2023-05-29,-22.44,92.995,70.555
"411",2023-05-30,-71.33,96.524,25.194
"412",2023-05-31,-78.14,97.454,19.314
"413",2023-06-01,-65.58,92.867,27.287
"414",2023-06-02,-50.54,70.429,19.889
"415",2023-06-03,12.51,45.868,58.378
"416",2023-06-04,-77.26,93.885,16.625
"417",2023-06-05,-53.09,83.557,30.467
"418",2023-06-06,-39.57,78.633,39.063
"419",2023-06-07,-35.37,51.825,16.455
"420",2023-06-08,-48.71,60.717,12.007
"421",2023-06-09,-17.01,67.181,50.171
"422",2023-06-10,-29.84,86.668,56.828
"423",2023-06-11,-55.77,79.039,23.269
"424",2023-06-12,-10.44,25.399,14.959
"425",2023-06-13,-38.52,88.473,49.953
"426",2023-06-14,-18.22,47.455,29.235
"427",2023-06-15,-50.87,75.302,24.432
"428",2023-06-16,-28.61,42.841,14.231
"429",2023-06-17,-67.0300000000001,82.069,15.039
"430",2023-06-18,-9.98,84.153,74.173
"431",2023-06-19,-63.38,87.148,23.768
"432",2023-06-20,-40.51,65.085,24.575
"433",2023-06-21,-44.58,60.403,15.823
"434",2023-06-22,16.35,31.899,48.249
"435",2023-06-23,-2.32,15.936,13.616
"436",2023-06-24,-30.49,53.264,22.774
"437",2023-06-25,-25.47,59.529,34.059
"438",2023-06-26,26.53,44.256,70.786
"439",2023-06-27,-13.23,33.582,20.352
"440",2023-06-28,-37.56,62.644,25.084
"441",2023-06-29,-48.95,78.345,29.395
"442",2023-06-30,-7.08999999999998,73.781,66.691
"443",2023-07-01,-16.99,46.596,29.606
"444",2023-07-02,-26.74,51.45,24.71
"445",2023-07-03,-1.28999999999998,78.391,77.101
"446",2023-07-04,-43.33,72.754,29.424
"447",2023-07-05,-57.58,93.932,36.352
"448",2023-07-06,-20.88,56.159,35.279
"449",2023-07-07,-7.51,49.489,41.979
"450",2023-07-08,-49.33,79.154,29.824
"451",2023-07-09,12.46,12.001,24.461
"452",2023-07-10,-31.15,70.709,39.559
"453",2023-07-11,-8.86999999999996,90.83,81.96
"454",2023-07-12,-44.54,79.568,35.028
"455",2023-07-13,-42.76,80.233,37.473
"456",2023-07-14,12.26,68.925,81.185
"457",2023-07-15,-33.86,68.393,34.533
"458",2023-07-16,22.22,35.258,57.478
"459",2023-07-17,-40.72,72.79,32.07
"460",2023-07-18,9.77,78.819,88.589
"461",2023-07-19,-3.59,51.801,48.211
"462",2023-07-20,-37.73,78.509,40.779
"463",2023-07-21,-22.75,72.753,50.003
"464",2023-07-22,-26.3,95.784,69.484
"465",2023-07-23,-38.6,88.633,50.033
"466",2023-07-24,-27.12,65.27,38.15
"467",2023-07-25,7.17,56.255,63.425
"468",2023-07-26,-58.22,86.625,28.405
"469",2023-07-27,1.59999999999999,68.622,70.222
"470",2023-07-28,-44.27,84.588,40.318
"471",2023-07-29,-19.43,66.891,47.461
"472",2023-07-30,-63.11,90.36,27.25
"473",2023-07-31,-22.63,80.646,58.016
"474",2023-08-01,-30.41,86.769,56.3590000000001
"475",2023-08-02,-36.3,83.235,46.935
"476",2023-08-03,-25.37,59.571,34.201
"477",2023-08-04,-15.94,37.626,21.686
"478",2023-08-05,4.5,65.828,70.328
"479",2023-08-06,-43.8,71.645,27.845
"480",2023-08-07,-4.54,29.268,24.728
"481",2023-08-08,-26.28,54.968,28.688
"482",2023-08-09,0.529999999999987,79.8,80.33
"483",2023-08-10,-3.59,21.971,18.381
"484",2023-08-11,-65.02,85.225,20.205
"485",2023-08-12,-50.18,70.684,20.504
"486",2023-08-13,-60.24,82.907,22.667
"487",2023-08-14,-23.6,44.589,20.989
"488",2023-08-15,-32.22,51.595,19.375
"489",2023-08-16,-43.83,65.736,21.906
"490",2023-08-17,-40.33,62.423,22.093
"491",2023-08-18,-58.34,77.218,18.878
"492",2023-08-19,-71.29,86.916,15.626
"493",2023-08-20,-56.75,79.169,22.419
"494",2023-08-21,-20.06,61.375,41.315
"495",2023-08-22,-59.42,82.992,23.572
"496",2023-08-23,-34.32,56.486,22.166
"497",2023-08-24,14.11,9.917,24.027
"498",2023-08-25,6.8,40.757,47.557
"499",2023-08-26,-18.73,60.766,42.036
"500",2023-08-27,-45.13,77.349,32.219
"501",2023-08-28,-4.19000000000001,34.787,30.597
"502",2023-08-29,26.91,36.57,63.48
"503",2023-08-30,-40.18,70.372,30.192
"504",2023-08-31,-49.44,81.997,32.557
"505",2023-09-01,-62.43,81.133,18.703
"506",2023-09-02,-27,79.048,52.048
"507",2023-09-03,-36.55,73.457,36.907
"508",2023-09-04,11.69,70.302,81.992
"509",2023-09-05,-25.75,65.124,39.374
"510",2023-09-06,-21.28,66.955,45.675
"511",2023-09-07,4.61,37.345,41.955
"512",2023-09-08,-9.02,65.653,56.633
"513",2023-09-09,3.14,53.221,56.361
"514",2023-09-10,-1.08,27.301,26.221
"515",2023-09-11,14.05,47.783,61.833
"516",2023-09-12,-21.06,67.464,46.404
"517",2023-09-13,-29.7,54.765,25.065
"518",2023-09-14,-20.5,75.766,55.266
"519",2023-09-15,-49.56,75.766,26.206
"520",2023-09-16,-57.63,74.763,17.133
"521",2023-09-17,-11.43,30.037,18.607
"522",2023-09-18,5.54,42.058,47.598
"523",2023-09-19,-29.71,69.147,39.437
"524",2023-09-20,-53.39,67.303,13.913
"525",2023-09-21,-56.3,67.89,11.59
"526",2023-09-22,-32.28,50.218,17.938
"527",2023-09-23,-0.72,13.658,12.938
"528",2023-09-24,8.4,7.446,15.846
"529",2023-09-25,-2.67,17.703,15.033
"530",2023-09-26,35.33,15.243,50.573
"531",2023-09-27,-50.43,66.987,16.557
"532",2023-09-28,-9.24,24.736,15.496
"533",2023-09-29,-10.9,28.793,17.893
"534",2023-09-30,11.18,34.461,45.641
"535",2023-10-01,-26.74,63.004,36.264
"536",2023-10-02,-32.84,54.388,21.548
"537",2023-10-03,-35.07,59.842,24.772
"538",2023-10-04,32.52,58.942,91.462
"539",2023-10-05,-35.97,55.643,19.673
"540",2023-10-06,17.17,25.181,42.351
"541",2023-10-07,4.54,16.933,21.473
"542",2023-10-08,-24.96,39.323,14.363
"543",2023-10-09,1.38,47.115,48.495
"544",2023-10-10,-24.92,48.547,23.627
"545",2023-10-11,-44.05,59.45,15.4
"546",2023-10-12,15.31,45.182,60.492
"547",2023-10-13,-47.88,59.649,11.769
"548",2023-10-14,32.52,4.395,36.915
"549",2023-10-15,26.08,38.98,65.06
"550",2023-10-16,-0.899999999999995,43.698,42.798
"551",2023-10-17,-10.4,36.101,25.701
"552",2023-10-18,-21.8,38.947,17.147
"553",2023-10-19,20.49,34.919,55.409
"554",2023-10-20,-11.85,29.222,17.372
"555",2023-10-21,-5.8,26.405,20.605
"556",2023-10-22,-24.84,46.377,21.537
"557",2023-10-23,-9.42,55.376,45.956
"558",2023-10-24,-17.74,51.402,33.662
"559",2023-10-25,-27.18,41.16,13.98
"560",2023-10-26,-27.68,45.185,17.505
"561",2023-10-27,27.92,28.813,56.733
"562",2023-10-28,-22.91,38.271,15.361
"563",2023-10-29,57.43,8.794,66.224
"564",2023-10-30,14.13,7.833,21.963
"565",2023-10-31,-10.83,41.073,30.243
"566",2023-11-01,36.07,46.637,82.707
"567",2023-11-02,-6.89,49.253,42.363
"568",2023-11-03,-15.16,47.601,32.441
"569",2023-11-04,3.08,23.911,26.991
"570",2023-11-05,25.33,39.916,65.246
"571",2023-11-06,-15.33,42.964,27.634
"572",2023-11-07,13.37,30.246,43.616
"573",2023-11-08,-21.81,43.378,21.568
"574",2023-11-09,-0.63,25.212,24.582
"575",2023-11-10,61.18,11.233,72.413
"576",2023-11-11,-3.29999999999999,35.834,32.534
"577",2023-11-12,-0.850000000000001,38.535,37.685
"578",2023-11-13,37.73,35.481,73.211
"579",2023-11-14,6.6,42.693,49.293
"580",2023-11-15,30.36,35.573,65.933
"581",2023-11-16,3.73,37.567,41.297
"582",2023-11-17,1.92,24.865,26.785
"583",2023-11-18,30.26,38.136,68.396
"584",2023-11-19,-13.94,40.053,26.113
"585",2023-11-20,30.71,35.615,66.325
"586",2023-11-21,45.38,6.241,51.621
"587",2023-11-22,47.71,17.345,65.055
"588",2023-11-23,-2.08,33.834,31.754
"589",2023-11-24,-4.44000000000001,36.828,32.388
"590",2023-11-25,29.47,35.295,64.765
"591",2023-11-26,27.44,15.697,43.137
"592",2023-11-27,5.77,33.049,38.819
"593",2023-11-28,53.02,33.52,86.54
"594",2023-11-29,24.97,29.704,54.674
"595",2023-11-30,12.54,33.807,46.347
"596",2023-12-01,72.18,6.506,78.686
"597",2023-12-02,25.43,18.938,44.368
"598",2023-12-03,33.54,2.644,36.184
"599",2023-12-04,16.26,15.689,31.949
"600",2023-12-05,44.11,6.356,50.466
"601",2023-12-06,27.41,16.555,43.965
"602",2023-12-07,98.31,4.434,102.744
"603",2023-12-08,17.66,26.391,44.051
"604",2023-12-09,36.46,17.355,53.815
"605",2023-12-10,29.11,2.754,31.864
"606",2023-12-11,26.62,16.674,43.294
"607",2023-12-12,54.42,34.95,89.37
"608",2023-12-13,30.67,34.439,65.109
"609",2023-12-14,15.96,34.126,50.086
"610",2023-12-15,3.44,34.012,37.452
"611",2023-12-16,24.22,29.479,53.699
"612",2023-12-17,33.46,1.645,35.105
"613",2023-12-18,64.42,10.418,74.838
"614",2023-12-19,38.68,18.177,56.857
"615",2023-12-20,67.83,21.575,89.405
"616",2023-12-21,39.7,28.652,68.352
"617",2023-12-22,36.39,18.96,55.35
"618",2023-12-23,59.03,10.707,69.737
"619",2023-12-24,32.11,6.993,39.103
"620",2023-12-25,18.48,15.817,34.297
"621",2023-12-26,32.06,6.268,38.328
"622",2023-12-27,53.38,4.264,57.644
"623",2023-12-28,16.04,11.237,27.277
"624",2023-12-29,11.42,22.7,34.12
"625",2023-12-30,78.31,10.046,88.356
"626",2023-12-31,39.76,8.565,48.325
"627",2024-01-01,27.37,12.154,39.524
"628",2024-01-02,39.95,34.746,74.696
"629",2024-01-03,27.31,17.317,44.627
"630",2024-01-04,20.14,17.35,37.49
"631",2024-01-05,56.51,32.842,89.352
"632",2024-01-06,42.85,4.78,47.63
"633",2024-01-07,56.72,1.029,57.749
"634",2024-01-08,21.18,12.437,33.617
"635",2024-01-09,45.86,1.493,47.353
"636",2024-01-10,55.8,10.805,66.605
"637",2024-01-11,13.23,26.378,39.608
"638",2024-01-12,31.93,26.687,58.617
"639",2024-01-13,11.39,19.747,31.137
"640",2024-01-14,26.4,25.55,51.95
"641",2024-01-15,84.6700000000001,12.188,96.858
"642",2024-01-16,86.12,0.013,86.133
"643",2024-01-17,106.76,1.218,107.978
"644",2024-01-18,127.9,0.763,128.663
"645",2024-01-19,62.19,1.414,63.604
"646",2024-01-20,67.03,5.017,72.047
"647",2024-01-21,58.36,21.166,79.526
"648",2024-01-22,52.7,17.768,70.468
"649",2024-01-23,29.4,11.451,40.851
"650",2024-01-24,74.13,7.605,81.735
"651",2024-01-25,22.57,11.6,34.17
"652",2024-01-26,62.27,11.472,73.742
"653",2024-01-27,9.21,23.374,32.584
"654",2024-01-28,56.34,8.491,64.831
"655",2024-01-29,22.25,23.996,46.246
"656",2024-01-30,47.11,7.865,54.975
"657",2024-01-31,46.25,6.578,52.828
"658",2024-02-01,54.62,12.501,67.121
"659",2024-02-02,39.69,13.049,52.739
"660",2024-02-03,15.97,47.649,63.619
"661",2024-02-04,28.33,48.225,76.555
"662",2024-02-05,19.92,48.869,68.789
"663",2024-02-06,5.21000000000001,50.235,55.445
"664",2024-02-07,24.13,48.477,72.607
"665",2024-02-08,-2.61999999999999,41.278,38.658
"666",2024-02-09,20.44,33.333,53.773
"667",2024-02-10,17.7,20.538,38.238
"668",2024-02-11,4.82,15.474,20.294
"669",2024-02-12,4.85000000000001,31.293,36.143
"670",2024-02-13,50.31,4.994,55.304
"671",2024-02-14,26.85,32.394,59.244
"672",2024-02-15,73.98,30.449,104.429
"673",2024-02-16,4.38,38.973,43.353
"674",2024-02-17,72.57,4.86,77.43
"675",2024-02-18,46.44,15.491,61.931
"676",2024-02-19,11.33,29.099,40.429
"677",2024-02-20,19.71,31.813,51.523
"678",2024-02-21,44.34,40.768,85.108
"679",2024-02-22,51.24,31.326,82.566
"680",2024-02-23,9.43,30.676,40.106
"681",2024-02-24,-18.02,55.396,37.376
"682",2024-02-25,59.5,61.503,121.003
"683",2024-02-26,-5.99999999999999,50.324,44.324
"684",2024-02-27,-1.46,37.058,35.598
"685",2024-02-28,16.84,4.129,20.969
"686",2024-02-29,-1.26000000000001,63.006,61.746
"687",2024-03-01,19.74,57.977,77.717
"688",2024-03-02,26.1,7.249,33.349
"689",2024-03-03,-22.26,54.1,31.84
"690",2024-03-04,-19.39,41.232,21.842
"691",2024-03-05,54.57,14.608,69.178
"692",2024-03-06,17.6,7.025,24.625
"693",2024-03-07,-22,42.642,20.642
"694",2024-03-08,-34.74,57.599,22.859
"695",2024-03-09,69.22,5.981,75.201
"696",2024-03-10,4.1,35.399,39.499
"697",2024-03-11,-37.16,72.209,35.049
"698",2024-03-12,-35.51,67.705,32.195
"699",2024-03-13,-34.3,60.516,26.216
"700",2024-03-14,13.88,59.486,73.366
"701",2024-03-15,-30.74,44.408,13.668
"702",2024-03-16,-31.01,71.978,40.968
"703",2024-03-17,-35.11,67.077,31.967
"704",2024-03-18,-17.21,47.809,30.599
"705",2024-03-19,36,47.777,83.777
"706",2024-03-20,13.09,27.376,40.466
"707",2024-03-21,-32.59,82.605,50.015
"708",2024-03-22,30.22,49.982,80.202
"709",2024-03-23,35.39,18.008,53.398
"710",2024-03-24,-33.43,80.01,46.58
"711",2024-03-25,-51.66,80.09,28.43
"712",2024-03-26,-32.95,57.808,24.858
"713",2024-03-27,52.2,16.022,68.222
"714",2024-03-28,22.41,14.8,37.21
"715",2024-03-29,-56.42,78.924,22.504
"716",2024-03-30,9.32,58.957,68.277
"717",2024-03-31,-31.24,54.147,22.907
"718",2024-04-01,10.41,14.335,24.745
"719",2024-04-02,68.3,5.859,74.159
"720",2024-04-03,26.12,5.96,32.08
"721",2024-04-04,-9.64,41.88,32.24
"722",2024-04-05,25.92,34.524,60.444
"723",2024-04-06,-4.5,53.132,48.632
"724",2024-04-07,-22.44,80.976,58.536
"725",2024-04-08,-33.16,56.863,23.703
"726",2024-04-09,-56.42,74.218,17.798
"727",2024-04-10,-38.69,51.64,12.95
"728",2024-04-11,26.49,22.21,48.7
"729",2024-04-12,1.06,32.054,33.114
"730",2024-04-13,-12.62,42.547,29.927
"731",2024-04-14,-56.09,81.251,25.161
"732",2024-04-15,-3.14000000000002,79.177,76.037
"733",2024-04-16,-70.66,88.168,17.508
"734",2024-04-17,-26.3,40.241,13.941
"735",2024-04-18,7.89,18.694,26.584
"736",2024-04-19,32.71,29.781,62.491
"737",2024-04-20,-43.72,79.159,35.439
"738",2024-04-21,25.52,58.294,83.814
"739",2024-04-22,-64.22,94.191,29.971
"740",2024-04-23,-75.16,87.835,12.675
"741",2024-04-24,-57.9,68.339,10.439
"742",2024-04-25,-47.75,88.225,40.475
"743",2024-04-26,-76.43,93.148,16.718
"744",2024-04-27,-5.24,33.56,28.32
"745",2024-04-28,-19.34,76.592,57.252
"746",2024-04-29,-35.51,72.566,37.056
"747",2024-04-30,-36.14,55.841,19.701
"748",2024-05-01,-74.04,85.642,11.602
"749",2024-05-02,-73.17,85.575,12.405
"750",2024-05-03,-3.79999999999999,62.801,59.001
"751",2024-05-04,-15.11,25.509,10.399
"752",2024-05-05,16.15,12.317,28.467
"753",2024-05-06,-23.31,41.037,17.727
"754",2024-05-07,-12.53,79.052,66.522
"755",2024-05-08,-57.63,76.94,19.31
"756",2024-05-09,-31.22,47.229,16.009
